{
    "Version": "2012-10-17",
    "Statement": [
        {
            "Sid": "s3integration",
            "Effect": "Allow",
            "Action": [
                "kms:GetPublicKey",
                "kms:Decrypt",
                "s3:PutAnalyticsConfiguration",
                "s3:GetObjectVersionTagging",
                "s3:CreateBucket",
                "kms:CancelKeyDeletion",
                "s3:ReplicateObject",
                "s3:GetObjectAcl",
                "s3:GetBucketObjectLockConfiguration",
                "s3:DeleteBucketWebsite",
                "kms:Encrypt",
                "kms:GetKeyRotationStatus",
                "s3:PutLifecycleConfiguration",
                "kms:ReEncryptTo",
                "s3:GetObjectVersionAcl",
                "s3:DeleteObject",
                "s3:GetBucketPolicyStatus",
                "s3:GetObjectRetention",
                "s3:GetBucketWebsite",
                "kms:ListRetirableGrants",
                "s3:PutReplicationConfiguration",
                "kms:DeleteImportedKeyMaterial",
                "kms:GenerateDataKeyPairWithoutPlaintext",
                "s3:PutObjectLegalHold",
                "s3:GetObjectLegalHold",
                "s3:GetBucketNotification",
                "s3:PutBucketCORS",
                "kms:DisableKey",
                "kms:DisableKeyRotation",
                "kms:ReEncryptFrom",
                "s3:GetReplicationConfiguration",
                "s3:ListMultipartUploadParts",
                "s3:PutObject",
                "s3:GetObject",
                "s3:PutBucketNotification",
                "s3:PutBucketLogging",
                "s3:GetAnalyticsConfiguration",
                "s3:PutBucketObjectLockConfiguration",
                "s3:GetObjectVersionForReplication",
                "kms:DeleteAlias",
                "kms:EnableKey",
                "kms:ImportKeyMaterial",
                "s3:GetLifecycleConfiguration",
                "s3:GetInventoryConfiguration",
                "s3:GetBucketTagging",
                "s3:PutAccelerateConfiguration",
                "s3:DeleteObjectVersion",
                "s3:GetBucketLogging",
                "s3:ListBucketVersions",
                "kms:GenerateDataKeyWithoutPlaintext",
                "s3:RestoreObject",
                "kms:Verify",
                "kms:ListResourceTags",
                "s3:ListBucket",
                "s3:GetAccelerateConfiguration",
                "kms:GenerateDataKeyPair",
                "s3:GetBucketPolicy",
                "kms:GetParametersForImport",
                "s3:PutEncryptionConfiguration",
                "s3:GetEncryptionConfiguration",
                "s3:GetObjectVersionTorrent",
                "s3:AbortMultipartUpload",
                "s3:GetBucketRequestPayment",
                "s3:DeleteBucketOwnershipControls",
                "kms:ScheduleKeyDeletion",
                "kms:DescribeKey",
                "s3:GetObjectTagging",
                "s3:GetMetricsConfiguration",
                "s3:GetBucketOwnershipControls",
                "kms:Sign",
                "s3:DeleteBucket",
                "s3:PutBucketVersioning",
                "kms:EnableKeyRotation",
                "s3:GetBucketPublicAccessBlock",
                "s3:ListBucketMultipartUploads",
                "kms:ListKeyPolicies",
                "kms:UpdateKeyDescription",
                "kms:GetKeyPolicy",
                "s3:PutMetricsConfiguration",
                "s3:PutBucketOwnershipControls",
                "s3:GetBucketVersioning",
                "s3:GetBucketAcl",
                "kms:ListGrants",
                "kms:UpdateAlias",
                "s3:PutInventoryConfiguration",
                "s3:GetObjectTorrent",
                "s3:PutBucketWebsite",
                "s3:PutBucketRequestPayment",
                "s3:PutObjectRetention",
                "kms:CreateAlias",
                "kms:GenerateDataKey",
                "s3:GetBucketCORS",
                "s3:GetBucketLocation",
                "s3:ReplicateDelete",
                "s3:GetObjectVersion"
            ],
            "Resource": [
                "*"
            ]
        }
    ]
  }