{
    "cluster_parameter_group": [
      {
        "apply_method": "pending-reboot",
        "name": "rds.force_ssl",
        "value": "1"
      },
      {
        "name": "pgaudit.role",
        "value": "rds_pgaudit"
      },
      {
        "apply_method": "pending-reboot",
        "name": "shared_preload_libraries",
        "value": "pgaudit, pg_stat_statements"
      },
      {
        "name": "log_connections",
        "value": "1"
      },
      {
        "name": "password_encryption",
        "value": "scram-sha-256"
      },
      {
        "name": "log_disconnections",
        "value": "1"
      },
      {
        "name": "log_duration",
        "value": "1"
      },
      {
        "name": "log_error_verbosity",
        "value": "verbose"
      },
      {
        "name": "pgaudit.log",
        "value": "All"
      },
      {
        "name": "rds.log_retention_period",
        "value": "1440"
      }
    ]
  }
  