{
    "Version": "2008-10-17",
    "Id": "__default_policy_ID",
    "Statement": [
      {
        "Sid": "__default_statement_ID",
        "Effect": "Allow",
        "Principal": {
          "AWS": "*"
        },
        "Action": [
          "SNS:GetTopicAttributes",
          "SNS:SetTopicAttributes",
          "SNS:AddPermission",
          "SNS:RemovePermission",
          "SNS:DeleteTopic",
          "SNS:Subscribe",
          "SNS:ListSubscriptionsByTopic",
          "SNS:Publish",
          "SNS:Receive"
        ],
        "Resource": "arn:aws:sns:us-east-2:<AWS-ACCOUNT-ID>:antmdbes-dataplatform-topic",
        "Condition": {
          "StringEquals": {
            "AWS:SourceOwner": "<AWS-ACCOUNT-ID>"
          }
        }
      }
    ]
  }